-- MySQL dump 10.11
--
-- Host: localhost    Database: sacoche_plug
-- ------------------------------------------------------
-- Server version	5.0.32-Debian_7etch12-log

/*!40101 SET @OLD_CHARACTER_SET_CLIENT=@@CHARACTER_SET_CLIENT */;
/*!40101 SET @OLD_CHARACTER_SET_RESULTS=@@CHARACTER_SET_RESULTS */;
/*!40101 SET @OLD_COLLATION_CONNECTION=@@COLLATION_CONNECTION */;
/*!40101 SET NAMES utf8 */;
/*!40103 SET @OLD_TIME_ZONE=@@TIME_ZONE */;
/*!40103 SET TIME_ZONE='+00:00' */;
/*!40014 SET @OLD_UNIQUE_CHECKS=@@UNIQUE_CHECKS, UNIQUE_CHECKS=0 */;
/*!40014 SET @OLD_FOREIGN_KEY_CHECKS=@@FOREIGN_KEY_CHECKS, FOREIGN_KEY_CHECKS=0 */;
/*!40101 SET @OLD_SQL_MODE=@@SQL_MODE, SQL_MODE='NO_AUTO_VALUE_ON_ZERO' */;
/*!40111 SET @OLD_SQL_NOTES=@@SQL_NOTES, SQL_NOTES=0 */;


CREATE DATABASE `sacoche_plug` ;
USE `sacoche_plug`;

--
-- Table structure for table `sacoche_demande`
--

DROP TABLE IF EXISTS `sacoche_demande`;
CREATE TABLE `sacoche_demande` (
  `demande_id` mediumint(8) unsigned NOT NULL auto_increment,
  `user_id` mediumint(8) unsigned NOT NULL,
  `matiere_id` smallint(5) unsigned NOT NULL,
  `item_id` mediumint(8) unsigned NOT NULL,
  `demande_date` date NOT NULL,
  `demande_score` tinyint(3) unsigned default NULL COMMENT 'Sert √† m√©moriser le score avant r√©√©valuation pour ne pas avoir √† le recalculer ; valeur null si item non √©valu√©.',
  `demande_statut` enum('eleve','prof') collate utf8_unicode_ci NOT NULL COMMENT '''eleve'' pour une demande d''√©l√®ve ; ''prof'' pour une pr√©vision d''√©valuation par le prof ; une annulation de l''√©l√®ve ou du prof efface l''enregistrement',
  PRIMARY KEY  (`demande_id`),
  UNIQUE KEY `demande_key` (`user_id`,`matiere_id`,`item_id`),
  KEY `user_id` (`user_id`),
  KEY `matiere_id` (`matiere_id`),
  KEY `item_id` (`item_id`)
) ENGINE=MyISAM DEFAULT CHARSET=utf8 COLLATE=utf8_unicode_ci;

--
-- Dumping data for table `sacoche_demande`
--

LOCK TABLES `sacoche_demande` WRITE;
/*!40000 ALTER TABLE `sacoche_demande` DISABLE KEYS */;
/*!40000 ALTER TABLE `sacoche_demande` ENABLE KEYS */;
UNLOCK TABLES;

--
-- Table structure for table `sacoche_devoir`
--

DROP TABLE IF EXISTS `sacoche_devoir`;
CREATE TABLE `sacoche_devoir` (
  `devoir_id` mediumint(8) unsigned NOT NULL auto_increment,
  `prof_id` mediumint(8) unsigned NOT NULL,
  `groupe_id` mediumint(8) unsigned NOT NULL,
  `devoir_date` date NOT NULL,
  `devoir_info` varchar(60) collate utf8_unicode_ci NOT NULL,
  PRIMARY KEY  (`devoir_id`),
  KEY `prof_id` (`prof_id`),
  KEY `groupe_id` (`groupe_id`)
) ENGINE=MyISAM DEFAULT CHARSET=utf8 COLLATE=utf8_unicode_ci;

--
-- Dumping data for table `sacoche_devoir`
--

LOCK TABLES `sacoche_devoir` WRITE;
/*!40000 ALTER TABLE `sacoche_devoir` DISABLE KEYS */;
/*!40000 ALTER TABLE `sacoche_devoir` ENABLE KEYS */;
UNLOCK TABLES;

--
-- Table structure for table `sacoche_groupe`
--

DROP TABLE IF EXISTS `sacoche_groupe`;
CREATE TABLE `sacoche_groupe` (
  `groupe_id` mediumint(8) unsigned NOT NULL auto_increment,
  `groupe_type` enum('classe','groupe','besoin','eval') collate utf8_unicode_ci NOT NULL,
  `groupe_prof_id` mediumint(8) unsigned NOT NULL COMMENT 'Id du prof dans le cas d''un groupe de type ''eval'' ; 0 sinon.',
  `groupe_ref` char(8) collate utf8_unicode_ci NOT NULL,
  `groupe_nom` varchar(20) collate utf8_unicode_ci NOT NULL,
  `niveau_id` tinyint(3) unsigned NOT NULL,
  PRIMARY KEY  (`groupe_id`),
  KEY `niveau_id` (`niveau_id`),
  KEY `groupe_type` (`groupe_type`),
  KEY `groupe_prof_id` (`groupe_prof_id`)
) ENGINE=MyISAM DEFAULT CHARSET=utf8 COLLATE=utf8_unicode_ci;

--
-- Dumping data for table `sacoche_groupe`
--

LOCK TABLES `sacoche_groupe` WRITE;
/*!40000 ALTER TABLE `sacoche_groupe` DISABLE KEYS */;
/*!40000 ALTER TABLE `sacoche_groupe` ENABLE KEYS */;
UNLOCK TABLES;

--
-- Table structure for table `sacoche_jointure_devoir_item`
--

DROP TABLE IF EXISTS `sacoche_jointure_devoir_item`;
CREATE TABLE `sacoche_jointure_devoir_item` (
  `devoir_id` mediumint(8) unsigned NOT NULL,
  `item_id` mediumint(8) unsigned NOT NULL,
  `jointure_ordre` tinyint(3) unsigned NOT NULL default '0',
  UNIQUE KEY `devoir_item_key` (`devoir_id`,`item_id`),
  KEY `devoir_id` (`devoir_id`),
  KEY `item_id` (`item_id`)
) ENGINE=MyISAM DEFAULT CHARSET=utf8 COLLATE=utf8_unicode_ci;

--
-- Dumping data for table `sacoche_jointure_devoir_item`
--

LOCK TABLES `sacoche_jointure_devoir_item` WRITE;
/*!40000 ALTER TABLE `sacoche_jointure_devoir_item` DISABLE KEYS */;
/*!40000 ALTER TABLE `sacoche_jointure_devoir_item` ENABLE KEYS */;
UNLOCK TABLES;

--
-- Table structure for table `sacoche_jointure_groupe_periode`
--

DROP TABLE IF EXISTS `sacoche_jointure_groupe_periode`;
CREATE TABLE `sacoche_jointure_groupe_periode` (
  `groupe_id` mediumint(8) unsigned NOT NULL,
  `periode_id` mediumint(8) unsigned NOT NULL,
  `jointure_date_debut` date NOT NULL,
  `jointure_date_fin` date NOT NULL,
  UNIQUE KEY `groupe_periode_key` (`groupe_id`,`periode_id`),
  KEY `groupe_id` (`groupe_id`),
  KEY `periode_id` (`periode_id`)
) ENGINE=MyISAM DEFAULT CHARSET=utf8 COLLATE=utf8_unicode_ci;

--
-- Dumping data for table `sacoche_jointure_groupe_periode`
--

LOCK TABLES `sacoche_jointure_groupe_periode` WRITE;
/*!40000 ALTER TABLE `sacoche_jointure_groupe_periode` DISABLE KEYS */;
/*!40000 ALTER TABLE `sacoche_jointure_groupe_periode` ENABLE KEYS */;
UNLOCK TABLES;

--
-- Table structure for table `sacoche_jointure_user_entree`
--

DROP TABLE IF EXISTS `sacoche_jointure_user_entree`;
CREATE TABLE `sacoche_jointure_user_entree` (
  `user_id` mediumint(8) unsigned NOT NULL,
  `entree_id` smallint(5) unsigned NOT NULL,
  `validation_entree_etat` tinyint(1) NOT NULL COMMENT '1 si validation positive ; 0 si validation nÈgative.',
  `validation_entree_date` date NOT NULL,
  `validation_entree_info` tinytext collate utf8_unicode_ci NOT NULL COMMENT 'Enregistrement statique du nom du validateur, conservÈ les annÈes suivantes.',
  UNIQUE KEY `validation_entree_key` (`user_id`,`entree_id`),
  KEY `user_id` (`user_id`),
  KEY `entree_id` (`entree_id`)
) ENGINE=MyISAM DEFAULT CHARSET=utf8 COLLATE=utf8_unicode_ci;

--
-- Dumping data for table `sacoche_jointure_user_entree`
--

LOCK TABLES `sacoche_jointure_user_entree` WRITE;
/*!40000 ALTER TABLE `sacoche_jointure_user_entree` DISABLE KEYS */;
/*!40000 ALTER TABLE `sacoche_jointure_user_entree` ENABLE KEYS */;
UNLOCK TABLES;

--
-- Table structure for table `sacoche_jointure_user_groupe`
--

DROP TABLE IF EXISTS `sacoche_jointure_user_groupe`;
CREATE TABLE `sacoche_jointure_user_groupe` (
  `user_id` mediumint(8) unsigned NOT NULL,
  `groupe_id` mediumint(8) unsigned NOT NULL,
  `jointure_pp` tinyint(1) NOT NULL,
  UNIQUE KEY `user_groupe_key` (`user_id`,`groupe_id`),
  KEY `user_id` (`user_id`),
  KEY `groupe_id` (`groupe_id`)
) ENGINE=MyISAM DEFAULT CHARSET=utf8 COLLATE=utf8_unicode_ci;

--
-- Dumping data for table `sacoche_jointure_user_groupe`
--

LOCK TABLES `sacoche_jointure_user_groupe` WRITE;
/*!40000 ALTER TABLE `sacoche_jointure_user_groupe` DISABLE KEYS */;
/*!40000 ALTER TABLE `sacoche_jointure_user_groupe` ENABLE KEYS */;
UNLOCK TABLES;

--
-- Table structure for table `sacoche_jointure_user_matiere`
--

DROP TABLE IF EXISTS `sacoche_jointure_user_matiere`;
CREATE TABLE `sacoche_jointure_user_matiere` (
  `user_id` mediumint(8) unsigned NOT NULL,
  `matiere_id` smallint(5) unsigned NOT NULL,
  `jointure_coord` tinyint(1) NOT NULL,
  UNIQUE KEY `user_matiere_key` (`user_id`,`matiere_id`),
  KEY `user_id` (`user_id`),
  KEY `matiere_id` (`matiere_id`)
) ENGINE=MyISAM DEFAULT CHARSET=utf8 COLLATE=utf8_unicode_ci;

--
-- Dumping data for table `sacoche_jointure_user_matiere`
--

LOCK TABLES `sacoche_jointure_user_matiere` WRITE;
/*!40000 ALTER TABLE `sacoche_jointure_user_matiere` DISABLE KEYS */;
/*!40000 ALTER TABLE `sacoche_jointure_user_matiere` ENABLE KEYS */;
UNLOCK TABLES;

--
-- Table structure for table `sacoche_jointure_user_pilier`
--

DROP TABLE IF EXISTS `sacoche_jointure_user_pilier`;
CREATE TABLE `sacoche_jointure_user_pilier` (
  `user_id` mediumint(8) unsigned NOT NULL,
  `pilier_id` smallint(5) unsigned NOT NULL,
  `validation_pilier_etat` tinyint(1) NOT NULL COMMENT '1 si validation positive ; 0 si validation nÈgative.',
  `validation_pilier_date` date NOT NULL,
  `validation_pilier_info` tinytext collate utf8_unicode_ci NOT NULL COMMENT 'Enregistrement statique du nom du validateur, conservÈ les annÈes suivantes.',
  UNIQUE KEY `validation_pilier_key` (`user_id`,`pilier_id`),
  KEY `user_id` (`user_id`),
  KEY `pilier_id` (`pilier_id`)
) ENGINE=MyISAM DEFAULT CHARSET=utf8 COLLATE=utf8_unicode_ci;

--
-- Dumping data for table `sacoche_jointure_user_pilier`
--

LOCK TABLES `sacoche_jointure_user_pilier` WRITE;
/*!40000 ALTER TABLE `sacoche_jointure_user_pilier` DISABLE KEYS */;
/*!40000 ALTER TABLE `sacoche_jointure_user_pilier` ENABLE KEYS */;
UNLOCK TABLES;

--
-- Table structure for table `sacoche_matiere`
--

DROP TABLE IF EXISTS `sacoche_matiere`;
CREATE TABLE `sacoche_matiere` (
  `matiere_id` smallint(5) unsigned NOT NULL auto_increment,
  `matiere_partage` tinyint(1) NOT NULL default '1',
  `matiere_transversal` tinyint(1) NOT NULL default '0',
  `matiere_ref` varchar(5) collate utf8_unicode_ci NOT NULL,
  `matiere_nom` varchar(50) collate utf8_unicode_ci NOT NULL,
  PRIMARY KEY  (`matiere_id`)
) ENGINE=MyISAM AUTO_INCREMENT=100 DEFAULT CHARSET=utf8 COLLATE=utf8_unicode_ci;

--
-- Dumping data for table `sacoche_matiere`
--

LOCK TABLES `sacoche_matiere` WRITE;
/*!40000 ALTER TABLE `sacoche_matiere` DISABLE KEYS */;
INSERT INTO `sacoche_matiere` VALUES (1,1,0,'A-PLA','Arts plastiques'),(2,1,0,'AGL1','Anglais LV1'),(3,1,0,'AGL2','Anglais LV2'),(4,1,0,'ALL1','Allemand LV1'),(5,1,0,'ALL2','Allemand LV2'),(6,1,0,'DECP3','D√©couverte professionnelle 3h'),(7,1,0,'EDMUS','Education musicale'),(8,1,0,'EPS','Education physique et sportive'),(9,1,0,'ESP1','Espagnol LV1'),(10,1,0,'ESP2','Espagnol LV2'),(11,1,0,'FRANC','Fran√ßais'),(12,1,0,'HIGEO','Histoire et g√©ographie'),(13,1,0,'LATIN','Latin'),(14,1,0,'MATHS','Math√©matiques'),(15,1,0,'PH-CH','Physique-chimie'),(16,1,0,'SVT','Sciences de la vie et de la terre'),(17,1,0,'TECHN','Technologie'),(18,1,0,'VISCO','Vie scolaire'),(19,1,0,'DECP6','D√©couverte professionnelle 6h'),(20,1,0,'GREC','Grec ancien'),(21,1,0,'ITA1','Italien LV1'),(22,1,0,'ITA2','Italien LV2'),(23,1,0,'EDCIV','Education civique'),(24,1,0,'IDNCH','IDD nature corps humain'),(25,1,0,'IDARH','IDD arts humanit√©'),(26,1,0,'IDLCI','IDD langues civilisations'),(27,1,0,'IDCTQ','IDD cr√©ation techniques'),(28,1,0,'IDAUT','IDD autres'),(29,1,0,'PHILO','Philosophie'),(30,1,0,'SES','Sciences economiques et sociales'),(31,1,0,'HIART','Histoire des arts'),(32,1,0,'RUS1','Russe LV1'),(33,1,0,'RUS2','Russe LV2'),(34,1,0,'DOC','Documentation'),(35,1,0,'POR1','Portugais LV1'),(36,1,0,'POR2','Portugais LV2'),(37,1,0,'CHI1','Chinois LV1'),(38,1,0,'CHI2','Chinois LV2'),(39,1,0,'OCCR','Occitan'),(40,1,0,'VSPRO','Vie sociale et professionnelle'),(41,1,0,'G-TPR','Enseignement technologique-professionnel'),(99,1,1,'TRANS','Transversal');
/*!40000 ALTER TABLE `sacoche_matiere` ENABLE KEYS */;
UNLOCK TABLES;

--
-- Table structure for table `sacoche_niveau`
--

DROP TABLE IF EXISTS `sacoche_niveau`;
CREATE TABLE `sacoche_niveau` (
  `niveau_id` tinyint(3) unsigned NOT NULL auto_increment,
  `palier_id` tinyint(3) unsigned NOT NULL,
  `niveau_ordre` tinyint(3) unsigned NOT NULL,
  `niveau_ref` varchar(5) collate utf8_unicode_ci NOT NULL,
  `code_mef` char(11) collate utf8_unicode_ci NOT NULL COMMENT 'Masque √† comparer avec le code_mef d''une classe (nomenclature Sconet).',
  `niveau_nom` varchar(55) collate utf8_unicode_ci NOT NULL,
  PRIMARY KEY  (`niveau_id`),
  KEY `palier_id` (`palier_id`)
) ENGINE=MyISAM AUTO_INCREMENT=117 DEFAULT CHARSET=utf8 COLLATE=utf8_unicode_ci;

--
-- Dumping data for table `sacoche_niveau`
--

LOCK TABLES `sacoche_niveau` WRITE;
/*!40000 ALTER TABLE `sacoche_niveau` DISABLE KEYS */;
INSERT INTO `sacoche_niveau` VALUES (1,1,9,'P1','','Palier 1 (PS - CE1)'),(2,2,29,'P2','','Palier 2 (CE2 - CM2)'),(3,3,69,'P3','','Palier 3 (6e - 3e)'),(4,4,159,'P4','','Palier 4 (2nde - Tle)'),(11,0,1,'PS','0001000131.','Maternelle, petite section'),(12,0,2,'MS','0001000132.','Maternelle, moyenne section'),(13,0,3,'GS','0001000133.','Maternelle, grande section'),(14,0,4,'CP','0011000211.','Cours pr√©paratoire'),(15,0,5,'CE1','0021000221.','Cours √©l√©mentaire 1e ann√©e'),(16,0,11,'CE2','0021000222.','Cours √©l√©mentaire 2e ann√©e'),(17,0,12,'CM1','0031000221.','Cours moyen 1e ann√©e'),(18,0,13,'CM2','0031000222.','Cours moyen 2e ann√©e'),(19,0,21,'INIT','0601000311.','Initiation'),(20,0,22,'ADAP','0611000411.','Adaptation'),(21,0,23,'CLIS','0621000511.','Classe d\'int√©gration scolaire'),(31,0,31,'6','100100..11.','Sixi√®me'),(32,0,32,'5','101100..11.','Cinqui√®me'),(33,0,33,'4','102100..11.','Quatri√®me'),(34,0,34,'4AS','102100..11.','Quatri√®me d\'aide et de soutien'),(35,0,35,'3','103100..11.','Troisi√®me'),(36,0,41,'3I','104100..11.','Troisi√®me d\'insertion'),(37,0,42,'REL','105100..11.','Classe / Atelier relais'),(38,0,43,'UPI','106100..11.','Unit√© p√©dagogique d\'int√©gration'),(41,0,51,'6S','1641000211.','Sixi√®me SEGPA'),(42,0,52,'5S','1651000211.','Cinqui√®me SEGPA'),(43,0,53,'4S','1661000211.','Quatri√®me SEGPA'),(44,0,54,'3S','167...9911.','Troisi√®me SEGPA'),(51,0,61,'3PVP','110.....22.','Troisi√®me pr√©paratoire √† la voie professionnelle'),(52,0,62,'CPA','112..99911.','Classe pr√©paratoire √† l\'apprentissage'),(53,0,63,'CLIPA','113..99911.','Classe d\'initiation pr√©-professionnelle en alternance'),(54,0,64,'FAJ','114..99911.','Formation d\'apprenti junior'),(61,0,71,'2','20010...11.','Seconde de d√©termination'),(62,0,81,'1S','20111...11.','Premi√®re S'),(63,0,82,'1ES','20112...11.','Premi√®re ES'),(64,0,83,'1L','20113...11.','Premi√®re L'),(65,0,91,'TS','20211...11.','Terminale S'),(66,0,92,'TES','20212...11.','Terminale ES'),(67,0,93,'TL','20213...11.','Terminale L'),(71,0,101,'2T','210.....11.','Seconde technologique / musique'),(72,0,102,'2BT','220.....11.','Seconde BT'),(73,0,111,'1ST','211.....11.','Premi√®re STI / STL / STG'),(74,0,112,'1T','213.....11.','Premi√®re technologique'),(75,0,113,'1BT','221.....11.','Premi√®re BT'),(76,0,114,'1BTA','223.....11.','Premi√®re BTA'),(77,0,115,'1ADN','231.....11.','Premi√®re d\'adaptation BTN'),(78,0,116,'1AD','232.....11.','Premi√®re d\'adaptation BT'),(79,0,121,'TST','212.....11.','Terminale STI / STL / STG'),(80,0,122,'TT','214.....11.','Terminale technologique'),(81,0,123,'TBT','222.....11.','Terminale BT'),(82,0,124,'TBTA','224.....11.','Terminale BTA'),(91,0,131,'1CAP1','240.....11.','CAP 1 an'),(92,0,132,'1CAP2','241.....21.','CAP 2 ans, 1e ann√©e'),(93,0,133,'2CAP2','241.....22.','CAP 2 ans, 2e ann√©e'),(94,0,134,'1CAP3','242.....31.','CAP 3 ans, 1e ann√©e'),(95,0,135,'2CAP3','242.....32.','CAP 3 ans, 2e ann√©e'),(96,0,136,'3CAP3','242.....33.','CAP 3 ans, 3e ann√©e'),(101,0,141,'BEP1','243.....11.','BEP 1 an'),(102,0,142,'2BEP','244.....21.','BEP 2 ans, 1e ann√©e (seconde)'),(103,0,143,'TBEP','244.....22.','BEP 2 ans, 2e ann√©e (terminale)'),(111,0,151,'1PRO1','245.....11.','Bac Pro 1 an'),(112,0,152,'1PRO2','246.....21.','Bac Pro 2 ans, 1e ann√©e'),(113,0,153,'2PRO2','246.....22.','Bac Pro 2 ans, 2e ann√©e (terminale)'),(114,0,154,'1PRO3','247.....31.','Bac Pro 3 ans, 1e ann√©e (seconde pro)'),(115,0,155,'2PRO3','247.....32.','Bac Pro 3 ans, 2e ann√©e (premi√®re pro)'),(116,0,156,'3PRO3','247.....33.','Bac Pro 3 ans, 3e ann√©e (terminale pro)');
/*!40000 ALTER TABLE `sacoche_niveau` ENABLE KEYS */;
UNLOCK TABLES;

--
-- Table structure for table `sacoche_parametre`
--

DROP TABLE IF EXISTS `sacoche_parametre`;
CREATE TABLE `sacoche_parametre` (
  `parametre_nom` varchar(25) collate utf8_unicode_ci NOT NULL,
  `parametre_valeur` tinytext collate utf8_unicode_ci NOT NULL,
  PRIMARY KEY  (`parametre_nom`)
) ENGINE=MyISAM DEFAULT CHARSET=utf8 COLLATE=utf8_unicode_ci;

--
-- Dumping data for table `sacoche_parametre`
--

LOCK TABLES `sacoche_parametre` WRITE;
/*!40000 ALTER TABLE `sacoche_parametre` DISABLE KEYS */;
INSERT INTO `sacoche_parametre` VALUES ('version_base','2010-08-06'),('sesamath_id','0'),('sesamath_uai',''),('sesamath_type_nom',''),('sesamath_key',''),('uai',''),('denomination','a compl√©ter'),('connexion_mode','cas'),('connexion_nom','perso'),('modele_professeur','ppp.nnnnnnnn'),('modele_eleve','ppp.nnnnnnnn'),('matieres','1,2,3,4,5,6,7,8,9,10,11,12,13,14,15,16,17,18,99'),('niveaux','31,32,33,35'),('paliers','3'),('profil_validation_entree','directeur,professeur'),('profil_validation_pilier','directeur,profprincipal'),('eleve_options','BilanMoyenneScore,BilanPourcentageAcquis,SoclePourcentageAcquis,SocleEtatValidation'),('eleve_demandes','0'),('duree_inactivite','30'),('calcul_valeur_RR','0'),('calcul_valeur_R','33'),('calcul_valeur_V','67'),('calcul_valeur_VV','100'),('calcul_seuil_R','40'),('calcul_seuil_V','60'),('calcul_methode','geometrique'),('calcul_limite','5'),('cas_serveur_host','@hostname@'),('cas_serveur_port','8443'),('cas_serveur_root',''),('css_background-color_NA','#ff9999'),('css_background-color_VA','#ffdd33'),('css_background-color_A','#99ff99'),('css_note_style','Lomer');
/*!40000 ALTER TABLE `sacoche_parametre` ENABLE KEYS */;
UNLOCK TABLES;

--
-- Table structure for table `sacoche_periode`
--

DROP TABLE IF EXISTS `sacoche_periode`;
CREATE TABLE `sacoche_periode` (
  `periode_id` mediumint(8) unsigned NOT NULL auto_increment,
  `periode_ordre` tinyint(3) unsigned NOT NULL default '1',
  `periode_nom` varchar(40) collate utf8_unicode_ci NOT NULL,
  PRIMARY KEY  (`periode_id`)
) ENGINE=MyISAM DEFAULT CHARSET=utf8 COLLATE=utf8_unicode_ci;

--
-- Dumping data for table `sacoche_periode`
--

LOCK TABLES `sacoche_periode` WRITE;
/*!40000 ALTER TABLE `sacoche_periode` DISABLE KEYS */;
/*!40000 ALTER TABLE `sacoche_periode` ENABLE KEYS */;
UNLOCK TABLES;

--
-- Table structure for table `sacoche_referentiel`
--

DROP TABLE IF EXISTS `sacoche_referentiel`;
CREATE TABLE `sacoche_referentiel` (
  `matiere_id` smallint(5) unsigned NOT NULL,
  `niveau_id` tinyint(3) unsigned NOT NULL,
  `referentiel_partage_etat` enum('bof','non','oui','hs') collate utf8_unicode_ci NOT NULL COMMENT '''oui'' = r√©f√©rentiel partag√© sur le serveur communautaire ; ''non'' = r√©f√©rentiel non partag√© avec la communaut√© ; ''bof'' = r√©f√©rentiel dont le partage est sans int√©r√™t (pas novateur) ; ''hs'' = r√©f√©rentiel dont le partage est sans objet (mati√®re sp√©cifique)',
  `referentiel_partage_date` date NOT NULL,
  `referentiel_calcul_methode` enum('geometrique','arithmetique','classique','bestof1','bestof2','bestof3') collate utf8_unicode_ci NOT NULL default 'geometrique' COMMENT 'Coefficients en progression g√©om√©trique, arithmetique, ou moyenne classique non pond√©r√©e, ou conservation des meilleurs scores. Valeur surclassant la configuration par d√©faut.',
  `referentiel_calcul_limite` tinyint(3) unsigned NOT NULL default '5' COMMENT 'Nombre maximum de derni√®res √©valuations prises en comptes (0 pour les prendre toutes). Valeur surclassant la configuration par d√©faut.',
  UNIQUE KEY `referentiel_id` (`matiere_id`,`niveau_id`),
  KEY `matiere_id` (`matiere_id`),
  KEY `niveau_id` (`niveau_id`)
) ENGINE=MyISAM DEFAULT CHARSET=utf8 COLLATE=utf8_unicode_ci;

--
-- Dumping data for table `sacoche_referentiel`
--

LOCK TABLES `sacoche_referentiel` WRITE;
/*!40000 ALTER TABLE `sacoche_referentiel` DISABLE KEYS */;
/*!40000 ALTER TABLE `sacoche_referentiel` ENABLE KEYS */;
UNLOCK TABLES;

--
-- Table structure for table `sacoche_referentiel_domaine`
--

DROP TABLE IF EXISTS `sacoche_referentiel_domaine`;
CREATE TABLE `sacoche_referentiel_domaine` (
  `domaine_id` smallint(5) unsigned NOT NULL auto_increment,
  `matiere_id` smallint(5) unsigned NOT NULL,
  `niveau_id` tinyint(3) unsigned NOT NULL,
  `domaine_ordre` tinyint(3) unsigned NOT NULL COMMENT 'Commence √† 1.',
  `domaine_ref` char(1) collate utf8_unicode_ci NOT NULL,
  `domaine_nom` varchar(128) collate utf8_unicode_ci NOT NULL,
  PRIMARY KEY  (`domaine_id`),
  KEY `matiere_id` (`matiere_id`),
  KEY `niveau_id` (`niveau_id`)
) ENGINE=MyISAM DEFAULT CHARSET=utf8 COLLATE=utf8_unicode_ci;

--
-- Dumping data for table `sacoche_referentiel_domaine`
--

LOCK TABLES `sacoche_referentiel_domaine` WRITE;
/*!40000 ALTER TABLE `sacoche_referentiel_domaine` DISABLE KEYS */;
/*!40000 ALTER TABLE `sacoche_referentiel_domaine` ENABLE KEYS */;
UNLOCK TABLES;

--
-- Table structure for table `sacoche_referentiel_item`
--

DROP TABLE IF EXISTS `sacoche_referentiel_item`;
CREATE TABLE `sacoche_referentiel_item` (
  `item_id` mediumint(8) unsigned NOT NULL auto_increment,
  `theme_id` smallint(5) unsigned NOT NULL,
  `entree_id` smallint(5) unsigned NOT NULL,
  `item_ordre` tinyint(3) unsigned NOT NULL COMMENT 'Commence √† 0.',
  `item_nom` tinytext collate utf8_unicode_ci NOT NULL,
  `item_coef` tinyint(3) unsigned NOT NULL default '1',
  `item_cart` tinyint(1) NOT NULL default '1' COMMENT '0 pour emp√™cher les √©l√®ves de demander une √©valuation sur cet item.',
  `item_lien` tinytext collate utf8_unicode_ci NOT NULL,
  PRIMARY KEY  (`item_id`),
  KEY `theme_id` (`theme_id`),
  KEY `entree_id` (`entree_id`)
) ENGINE=MyISAM DEFAULT CHARSET=utf8 COLLATE=utf8_unicode_ci;

--
-- Dumping data for table `sacoche_referentiel_item`
--

LOCK TABLES `sacoche_referentiel_item` WRITE;
/*!40000 ALTER TABLE `sacoche_referentiel_item` DISABLE KEYS */;
/*!40000 ALTER TABLE `sacoche_referentiel_item` ENABLE KEYS */;
UNLOCK TABLES;

--
-- Table structure for table `sacoche_referentiel_theme`
--

DROP TABLE IF EXISTS `sacoche_referentiel_theme`;
CREATE TABLE `sacoche_referentiel_theme` (
  `theme_id` smallint(5) unsigned NOT NULL auto_increment,
  `domaine_id` smallint(5) unsigned NOT NULL,
  `theme_ordre` tinyint(3) unsigned NOT NULL COMMENT 'Commence √† 1.',
  `theme_nom` varchar(128) collate utf8_unicode_ci NOT NULL,
  PRIMARY KEY  (`theme_id`),
  KEY `domaine_id` (`domaine_id`)
) ENGINE=MyISAM DEFAULT CHARSET=utf8 COLLATE=utf8_unicode_ci;

--
-- Dumping data for table `sacoche_referentiel_theme`
--

LOCK TABLES `sacoche_referentiel_theme` WRITE;
/*!40000 ALTER TABLE `sacoche_referentiel_theme` DISABLE KEYS */;
/*!40000 ALTER TABLE `sacoche_referentiel_theme` ENABLE KEYS */;
UNLOCK TABLES;

--
-- Table structure for table `sacoche_saisie`
--

DROP TABLE IF EXISTS `sacoche_saisie`;
CREATE TABLE `sacoche_saisie` (
  `prof_id` mediumint(8) unsigned NOT NULL,
  `eleve_id` mediumint(8) unsigned NOT NULL,
  `devoir_id` mediumint(8) unsigned NOT NULL,
  `item_id` mediumint(8) unsigned NOT NULL,
  `saisie_date` date NOT NULL,
  `saisie_note` enum('VV','V','R','RR','ABS','NN','DISP','REQ') collate utf8_unicode_ci NOT NULL,
  `saisie_info` tinytext collate utf8_unicode_ci NOT NULL COMMENT 'Enregistrement statique du nom du devoir et du professeur, conservÈ les annÈes suivantes.',
  UNIQUE KEY `saisie_key` (`eleve_id`,`devoir_id`,`item_id`),
  KEY `prof_id` (`prof_id`),
  KEY `eleve_id` (`eleve_id`),
  KEY `devoir_id` (`devoir_id`),
  KEY `item_id` (`item_id`)
) ENGINE=MyISAM DEFAULT CHARSET=utf8 COLLATE=utf8_unicode_ci;

--
-- Dumping data for table `sacoche_saisie`
--

LOCK TABLES `sacoche_saisie` WRITE;
/*!40000 ALTER TABLE `sacoche_saisie` DISABLE KEYS */;
/*!40000 ALTER TABLE `sacoche_saisie` ENABLE KEYS */;
UNLOCK TABLES;

--
-- Table structure for table `sacoche_socle_entree`
--

DROP TABLE IF EXISTS `sacoche_socle_entree`;
CREATE TABLE `sacoche_socle_entree` (
  `entree_id` smallint(5) unsigned NOT NULL auto_increment,
  `section_id` smallint(5) unsigned NOT NULL,
  `entree_ordre` tinyint(3) unsigned NOT NULL COMMENT 'Commence √† 0.',
  `entree_nom` tinytext collate utf8_unicode_ci NOT NULL,
  PRIMARY KEY  (`entree_id`),
  KEY `section_id` (`section_id`)
) ENGINE=MyISAM AUTO_INCREMENT=294 DEFAULT CHARSET=utf8 COLLATE=utf8_unicode_ci;

--
-- Dumping data for table `sacoche_socle_entree`
--

LOCK TABLES `sacoche_socle_entree` WRITE;
/*!40000 ALTER TABLE `sacoche_socle_entree` DISABLE KEYS */;
INSERT INTO `sacoche_socle_entree` VALUES (1,1,0,'S‚Äôexprimer clairement √† l‚Äôoral en utilisant un vocabulaire appropri√©.'),(2,1,1,'Participer en classe √† un √©change verbal en respectant les r√®gles de la communication.'),(3,1,2,'Dire de m√©moire quelques textes en prose ou po√®mes courts.'),(4,2,0,'Lire seul, √† haute voix, un texte comprenant des mots connus et inconnus.'),(5,2,1,'Lire seul et √©couter lire des textes du patrimoine et des ≈ìuvres int√©grales de la litt√©rature de jeunesse adapt√©s √† son √¢ge.'),(6,2,2,'Lire seul et comprendre un √©nonc√©, une consigne simple.'),(7,2,3,'D√©gager le th√®me d‚Äôun paragraphe ou d‚Äôun texte court.'),(8,2,4,'Lire silencieusement un texte en d√©chiffrant les mots inconnus et manifester sa compr√©hension dans un r√©sum√©, une reformulation, des r√©ponses √† des questions.'),(9,3,0,'Copier un texte court sans erreur dans une √©criture cursive lisible et avec une pr√©sentation soign√©e.'),(10,3,1,'Utiliser ses connaissances pour mieux √©crire un texte court.'),(11,3,2,'√âcrire de mani√®re autonome un texte de cinq √† dix lignes.'),(12,4,0,'Utiliser des mots pr√©cis pour s‚Äôexprimer.'),(13,4,1,'Donner des synonymes.'),(14,4,2,'Trouver un mot de sens oppos√©.'),(15,4,3,'Regrouper des mots par familles.'),(16,4,4,'Commencer √† utiliser l‚Äôordre alphab√©tique.'),(17,5,0,'Identifier la phrase, le verbe, le nom, l‚Äôarticle, l‚Äôadjectif qualificatif, le pronom personnel (sujet).'),(18,5,1,'Rep√©rer le verbe d‚Äôune phrase et son sujet.'),(19,5,2,'Conjuguer les verbes du 1er groupe, √™tre et avoir, au pr√©sent, au futur, au pass√© compos√© de l‚Äôindicatif ; conjuguer les verbes faire, aller, dire, venir, au pr√©sent de l‚Äôindicatif.'),(20,5,3,'Distinguer le pr√©sent du futur et du pass√©.'),(21,6,0,'√âcrire en respectant les correspondances entre lettres et sons et les r√®gles relatives √† la valeur des lettres.'),(22,6,1,'√âcrire sans erreur des mots m√©moris√©s.'),(23,6,2,'Orthographier correctement des formes conjugu√©es, respecter l‚Äôaccord entre le sujet et le verbe, ainsi que les accords en genre et en nombre dans le groupe nominal.'),(24,7,0,'√âcrire, nommer, comparer, ranger les nombres entiers naturels inf√©rieurs √† 1000.'),(25,7,1,'R√©soudre des probl√®mes de d√©nombrement.'),(26,7,2,'Calculer : addition, soustraction, multiplication.'),(27,7,3,'Diviser par 2 et par 5 dans le cas o√π le quotient exact est entier.'),(28,7,4,'Restituer et utiliser les tables d‚Äôaddition et de multiplication par 2, 3, 4 et 5.'),(29,7,5,'Calculer mentalement en utilisant des additions, des soustractions et des multiplications simples.'),(30,7,6,'R√©soudre des probl√®mes relevant de l‚Äôaddition, de la soustraction et de la multiplication.'),(31,7,7,'Utiliser les fonctions de base de la calculatrice.'),(32,8,0,'Situer un objet par rapport √† soi ou √† un autre objet, donner sa position et d√©crire son d√©placement.'),(33,8,1,'Reconna√Ætre, nommer et d√©crire les figures planes et les solides usuels.'),(34,8,2,'Utiliser la r√®gle et l‚Äô√©querre pour tracer avec soin et pr√©cision un carr√©, un rectangle, un triangle rectangle.'),(35,8,3,'Percevoir et reconna√Ætre quelques relations et propri√©t√©s g√©om√©triques : alignement, angle droit, axe de sym√©trie, √©galit√© de longueurs.'),(36,8,4,'Rep√©rer des cases, des n≈ìuds d‚Äôun quadrillage.'),(37,8,5,'R√©soudre un probl√®me g√©om√©trique.'),(38,9,0,'Utiliser les unit√©s usuelles de mesure ; estimer une mesure.'),(39,9,1,'√ätre pr√©cis et soigneux dans les mesures et les calculs.'),(40,9,2,'R√©soudre des probl√®mes de longueur et de masse.'),(41,10,0,'Utiliser un tableau, un graphique.'),(42,10,1,'Organiser les donn√©es d‚Äôun √©nonc√©.'),(43,11,0,'Reconna√Ætre les embl√®mes et les symboles de la R√©publique fran√ßaise.'),(44,12,0,'Respecter les autres et les r√®gles de la vie collective.'),(45,12,1,'Pratiquer un jeu ou un sport collectif en en respectant les r√®gles.'),(46,12,2,'Appliquer les codes de la politesse dans ses relations avec ses camarades, avec les adultes de l‚Äô√©cole et hors de l‚Äô√©cole, avec le ma√Ætre au sein de la classe.'),(47,13,0,'S‚Äôexprimer √† l‚Äôoral comme √† l‚Äô√©crit dans un vocabulaire appropri√© et pr√©cis.'),(48,13,1,'Prendre la parole en respectant le niveau de langue adapt√©.'),(49,13,2,'R√©pondre √† une question par une phrase compl√®te √† l‚Äôoral.'),(50,13,3,'Prendre part √† un dialogue : prendre la parole devant les autres, √©couter autrui, formuler et justifier un point de vue.'),(51,13,4,'Dire de m√©moire, de fa√ßon expressive, une dizaine de po√®mes et de textes en prose.'),(52,14,0,'Lire avec aisance (√† haute voix, silencieusement) un texte.'),(53,14,1,'Lire seul des textes du patrimoine et des ≈ìuvres int√©grales de la litt√©rature de jeunesse, adapt√©s √† son √¢ge.'),(54,14,2,'Lire seul et comprendre un √©nonc√©, une consigne.'),(55,14,3,'D√©gager le th√®me d‚Äôun texte.'),(56,14,4,'Rep√©rer dans un texte des informations explicites.'),(57,14,5,'Inf√©rer des informations nouvelles (implicites).'),(58,14,6,'Rep√©rer les effets de choix formels (emploi de certains mots, utilisation d‚Äôun niveau de langue).'),(59,14,7,'Utiliser ses connaissances pour r√©fl√©chir sur un texte, mieux le comprendre.'),(60,14,8,'Effectuer, seul, des recherches dans des ouvrages documentaires (livres, produits multim√©dia).'),(61,14,9,'Se rep√©rer dans une biblioth√®que, une m√©diath√®que.'),(62,15,0,'Copier sans erreur un texte d‚Äôau moins quinze lignes en lui donnant une pr√©sentation adapt√©e.'),(63,15,1,'Utiliser ses connaissances pour r√©fl√©chir sur un texte, mieux l‚Äô√©crire.'),(64,15,2,'R√©pondre √† une question par une phrase compl√®te √† l‚Äô√©crit.'),(65,15,3,'R√©diger un texte d‚Äôune quinzaine de lignes (r√©cit, description, dialogue, texte po√©tique, compte rendu) en utilisant ses connaissances en vocabulaire et en grammaire.'),(66,16,0,'Comprendre des mots nouveaux et les utiliser √† bon escient.'),(67,16,1,'Ma√Ætriser quelques relations de sens entre les mots.'),(68,16,2,'Ma√Ætriser quelques relations concernant la forme et le sens des mots.'),(69,16,3,'Savoir utiliser un dictionnaire papier ou num√©rique.'),(70,17,0,'Distinguer les mots selon leur nature.'),(71,17,1,'Identifier les fonctions des mots dans la phrase.'),(72,17,2,'Conjuguer les verbes, utiliser les temps √† bon escient.'),(73,18,0,'Ma√Ætriser l‚Äôorthographe grammaticale.'),(74,18,1,'Ma√Ætriser l‚Äôorthographe lexicale.'),(75,18,2,'Orthographier correctement un texte simple de dix lignes ‚Äì lors de sa r√©daction ou de sa dict√©e ‚Äì en se r√©f√©rant aux r√®gles connues d‚Äôorthographe et de grammaire ainsi qu‚Äô√† la connaissance du vocabulaire.'),(76,19,0,'Communiquer, au besoin avec des pauses pour chercher ses mots.'),(77,19,1,'Se pr√©senter ; pr√©senter quelqu‚Äôun ; demander √† quelqu‚Äôun de ses nouvelles en utilisant les formes de politesse les plus √©l√©mentaires ; accueil et prise de cong√©.'),(78,19,2,'R√©pondre √† des questions et en poser (sujets familiers ou besoins imm√©diats).'),(79,19,3,'√âpeler des mots familiers.'),(80,20,0,'Comprendre les consignes de classe.'),(81,20,1,'Comprendre des mots familiers et des expressions tr√®s courantes.'),(82,20,2,'Suivre des instructions courtes et simples.'),(83,21,0,'Reproduire un mod√®le oral.'),(84,21,1,'Utiliser des expressions et des phrases proches des mod√®les rencontr√©s lors des apprentissages.'),(85,21,2,'Lire √† haute voix et de mani√®re expressive un texte bref apr√®s r√©p√©tition.'),(86,22,0,'Comprendre des textes courts et simples en s‚Äôappuyant sur des √©l√©ments connus (indications, informations).'),(87,22,1,'Se faire une id√©e du contenu d‚Äôun texte informatif simple, accompagn√© √©ventuellement d‚Äôun document visuel.'),(88,23,0,'Copier des mots isol√©s et des textes courts.'),(89,23,1,'√âcrire un message √©lectronique simple ou une courte carte postale en r√©f√©rence √† des mod√®les.'),(90,23,2,'Renseigner un questionnaire.'),(91,23,3,'Produire de mani√®re autonome quelques phrases.'),(92,23,4,'√âcrire sous la dict√©e des expressions connues.'),(93,24,0,'√âcrire, nommer, comparer et utiliser les nombres entiers, les nombres d√©cimaux (jusqu‚Äôau centi√®me) et quelques fractions simples.'),(94,24,1,'Restituer les tables d‚Äôaddition et de multiplication de 2 √† 9.'),(95,24,2,'Utiliser les techniques op√©ratoires des quatre op√©rations sur les nombres entiers et d√©cimaux (pour la division, le diviseur est un nombre entier).'),(96,24,3,'Ajouter deux fractions d√©cimales ou deux fractions simples de m√™me d√©nominateur.'),(97,24,4,'Calculer mentalement en utilisant les quatre op√©rations.'),(98,24,5,'Estimer l‚Äôordre de grandeur d‚Äôun r√©sultat.'),(99,24,6,'R√©soudre des probl√®mes relevant des quatre op√©rations.'),(100,24,7,'Utiliser une calculatrice.'),(101,25,0,'Reconna√Ætre, d√©crire et nommer les figures et solides usuels.'),(102,25,1,'Utiliser la r√®gle, l‚Äô√©querre et le compas pour v√©rifier la nature de figures planes usuelles et les construire avec soin et pr√©cision.'),(103,25,2,'Percevoir et reconnaitre parall√®les et perpendiculaires.'),(104,25,3,'R√©soudre des probl√®mes de reproduction, de construction.'),(105,26,0,'Utiliser des instruments de mesure.'),(106,26,1,'Conna√Ætre et utiliser les formules du p√©rim√®tre et de l‚Äôaire d‚Äôun carr√©, d‚Äôun rectangle et d‚Äôun triangle.'),(107,26,2,'Utiliser les unit√©s de mesures usuelles.'),(108,26,3,'R√©soudre des probl√®mes dont la r√©solution implique des conversions.'),(109,27,0,'Lire, interpr√©ter et construire quelques repr√©sentations simples : tableaux, graphiques.'),(110,27,1,'Savoir organiser des informations num√©riques ou g√©om√©triques, justifier et appr√©cier la vraisemblance d‚Äôun r√©sultat.'),(111,27,2,'R√©soudre un probl√®me mettant en jeu une situation de proportionnalit√©.'),(112,28,0,'Pratiquer une d√©marche d‚Äôinvestigation : savoir observer, questionner.'),(113,28,1,'Manipuler et exp√©rimenter, formuler une hypoth√®se et la tester, argumenter, mettre √† l‚Äôessai plusieurs pistes de solutions.'),(114,28,2,'Exprimer et exploiter les r√©sultats d‚Äôune mesure et d‚Äôune recherche en utilisant un vocabulaire scientifique √† l‚Äô√©crit ou √† l‚Äôoral.'),(115,29,0,'Le ciel et la Terre.'),(116,29,1,'La mati√®re.'),(117,29,2,'L‚Äô√©nergie.'),(118,29,3,'L‚Äôunit√© et la diversit√© du vivant.'),(119,29,4,'Le fonctionnement du vivant.'),(120,29,5,'Le fonctionnement du corps humain et la sant√©.'),(121,29,6,'Les √™tres vivants dans leur environnement.'),(122,29,7,'Les objets techniques.'),(123,30,0,'Mobiliser ses connaissances pour comprendre quelques questions li√©es √† l‚Äôenvironnement et au d√©veloppement durable et agir en cons√©quence.'),(124,31,0,'Connaitre et ma√Ætriser les fonctions de base d‚Äôun ordinateur et de ses p√©riph√©riques.'),(125,32,0,'Prendre conscience des enjeux citoyens de l‚Äôusage de l‚Äôinformatique et de l‚Äôinternet et adopter une attitude critique face aux r√©sultats obtenus.'),(126,33,0,'Produire un document num√©rique : texte, image, son.'),(127,33,1,'Utiliser l‚Äôoutil informatique pour pr√©senter un travail.'),(128,34,0,'Lire un document num√©rique.'),(129,34,1,'Chercher des informations par voie √©lectronique.'),(130,34,2,'D√©couvrir les richesses et les limites des ressources de l‚Äôinternet.'),(131,35,0,'√âchanger avec les technologies de l‚Äôinformation et de la communication.'),(133,36,1,'Identifier les p√©riodes de l‚Äôhistoire au programme.'),(134,36,2,'Conna√Ætre et m√©moriser les principaux rep√®res chronologiques (√©v√®nements et personnages).'),(135,36,3,'Conna√Ætre les principaux caract√®res g√©ographiques physiques et humains de la r√©gion o√π vit l‚Äô√©l√®ve, de la France et de l‚ÄôUnion europ√©enne, les rep√©rer sur des cartes √† diff√©rentes √©chelles.'),(136,36,4,'Comprendre une ou deux questions li√©es au d√©veloppement durable et agir en cons√©quence (l‚Äôeau dans la commune, la r√©duction et le recyclage des d√©chets).'),(137,37,0,'Lire des ≈ìuvres majeures du patrimoine et de la litt√©rature pour la jeunesse.'),(138,37,1,'√âtablir des liens entre les textes lus.'),(132,73,0,'Lire et utiliser textes, cartes, croquis, graphiques.'),(139,38,0,'Distinguer les grandes cat√©gories de la cr√©ation artistique (litt√©rature, musique, danse, th√©√¢tre, cin√©ma, dessin, peinture, sculpture, architecture).'),(140,38,1,'Reconna√Ætre et d√©crire des ≈ìuvres pr√©alablement √©tudi√©es.'),(141,38,2,'Pratiquer le dessin et diverses formes d‚Äôexpressions visuelles et plastiques.'),(142,38,3,'Interpr√©ter de m√©moire une chanson, participer √† un jeu rythmique ; rep√©rer des √©l√©ments musicaux caract√©ristiques simples.'),(143,38,4,'Inventer et r√©aliser des textes, des ≈ìuvres plastiques, des chor√©graphies ou des encha√Ænements, √† vis√©e artistique ou expressive.'),(144,39,0,'Reconna√Ætre les symboles de la R√©publique et de l‚ÄôUnion europ√©enne.'),(145,39,1,'Comprendre les notions de droits et de devoirs, les accepter et les mettre en application.'),(146,39,2,'Avoir conscience de la dignit√© de la personne humaine et en tirer les cons√©quences au quotidien.'),(147,40,0,'Respecter les r√®gles de la vie collective.'),(148,40,1,'Respecter tous les autres, et notamment appliquer les principes de l‚Äô√©galit√© des filles et des gar√ßons.'),(149,41,0,'Respecter des consignes simples, en autonomie.'),(150,41,1,'√ätre pers√©v√©rant dans toutes les activit√©s.'),(151,41,2,'Commencer √† savoir s‚Äôauto√©valuer dans des situations simples.'),(152,41,3,'Soutenir une √©coute prolong√©e (lecture, musique, spectacle, etc.).'),(153,42,0,'S‚Äôimpliquer dans un projet individuel ou collectif.'),(154,43,0,'Se respecter en respectant les principales r√®gles d‚Äôhygi√®ne de vie ; accomplir les gestes quotidiens sans risquer de se faire mal.'),(155,43,1,'R√©aliser une performance mesur√©e dans les activit√©s athl√©tiques et en natation.'),(156,43,2,'Se d√©placer en s‚Äôadaptant √† l‚Äôenvironnement.'),(157,44,0,'Adapter son mode de lecture √† la nature du texte propos√© et √† l‚Äôobjectif poursuivi.'),(282,44,1,'Rep√©rer les informations dans un texte √† partir des √©l√©ments explicites et des √©l√©ments implicites n√©cessaires.'),(158,44,2,'Utiliser ses capacit√©s de raisonnement, ses connaissances sur la langue, savoir faire appel √† des outils appropri√©s pour lire.'),(159,44,3,'D√©gager, par √©crit ou oralement, l‚Äôessentiel d‚Äôun texte lu.'),(160,44,4,'Manifester, par des moyens divers, sa compr√©hension de textes vari√©s.'),(163,45,0,'Reproduire un document sans erreur et avec une pr√©sentation adapt√©e.'),(164,45,1,'√âcrire lisiblement un texte, spontan√©ment ou sous la dict√©e, en respectant l‚Äôorthographe et la grammaire.'),(166,45,2,'R√©diger un texte bref, coh√©rent et ponctu√©, en r√©ponse √† une question ou √† partir de consignes donn√©es.'),(167,45,3,'Utiliser ses capacit√©s de raisonnement, ses connaissances sur la langue, savoir faire appel √† des outils vari√©s pour am√©liorer son texte.'),(283,46,0,'Formuler clairement un propos simple.'),(170,46,1,'D√©velopper de fa√ßon suivie un propos en public sur un sujet d√©termin√©.'),(171,46,2,'Adapter sa prise de parole √† la situation de communication.'),(172,46,3,'Participer √† un d√©bat, √† un √©change verbal.'),(177,48,0,'√âtablir un contact social.'),(178,48,1,'Dialoguer sur des sujets familiers.'),(179,48,2,'Demander et donner des informations.'),(180,48,3,'R√©agir √† des propositions.'),(181,49,0,'Comprendre un message oral pour r√©aliser une t√¢che.'),(182,49,1,'Comprendre les points essentiels d‚Äôun message oral (conversation, information, r√©cit, expos√©).'),(183,50,0,'Reproduire un mod√®le oral.'),(184,50,1,'D√©crire, raconter, expliquer.'),(185,50,2,'Pr√©senter un projet et lire √† haute voix.'),(186,51,0,'Comprendre le sens g√©n√©ral de documents √©crits.'),(187,51,1,'Savoir rep√©rer des informations dans un texte.'),(188,52,0,'Copier, √©crire sous la dict√©e.'),(189,52,1,'Renseigner un questionnaire.'),(190,52,2,'√âcrire un message simple.'),(191,52,3,'Rendre compte de faits.'),(192,52,4,'√âcrire un court r√©cit, une description.'),(193,53,0,'Rechercher, extraire et organiser l‚Äôinformation utile.'),(194,53,1,'R√©aliser, manipuler, mesurer, calculer, appliquer des consignes.'),(195,53,2,'Raisonner, argumenter, pratiquer une d√©marche exp√©rimentale ou technologique, d√©montrer.'),(196,53,3,'Pr√©senter la d√©marche suivie, les r√©sultats obtenus, communiquer √† l‚Äôaide d‚Äôun langage adapt√©.'),(197,54,0,'Organisation et gestion de donn√©es : reconna√Ætre des situations de proportionnalit√©, utiliser des pourcentages, des tableaux, des graphiques ; exploiter des donn√©es statistiques et aborder des situations simples de probabilit√©.'),(202,54,1,'Nombres et calculs : conna√Ætre et utiliser les nombres entiers, d√©cimaux et fractionnaires ; mener √† bien un calcul mental, √† la main, √† la calculatrice, avec un ordinateur.'),(205,54,2,'G√©om√©trie : conna√Ætre et repr√©senter des figures g√©om√©triques et des objets de l‚Äôespace ; utiliser leurs propri√©t√©s.'),(208,54,3,'Grandeurs et mesures : r√©aliser des mesures (longueurs, dur√©es, ‚Ä¶), calculer des valeurs (volumes, vitesses, ‚Ä¶) en utilisant diff√©rentes unit√©s.'),(210,55,0,'L‚Äôunivers et la Terre : organisation de l‚Äôunivers ; structure et √©volution au cours des temps g√©ologiques de la Terre, ph√©nom√®nes physiques.'),(211,55,1,'La mati√®re : principales caract√©ristiques, √©tats et transformations ; propri√©t√©s physiques et chimiques de la mati√®re et des mat√©riaux ; comportement √©lectrique, interactions avec la lumi√®re.'),(212,55,2,'Le vivant : unit√© d‚Äôorganisation et diversit√© ; fonctionnement des organismes vivants, √©volution des esp√®ces, organisation et fonctionnement du corps humain.'),(213,55,3,'L‚Äô√©nergie : diff√©rentes formes d‚Äô√©nergie, notamment l‚Äô√©nergie √©lectrique, et transformations d‚Äôune forme √† une autre.'),(214,55,4,'Les objets techniques : analyse, conception et r√©alisation ; fonctionnement et conditions d‚Äôutilisation.'),(215,56,0,'Mobiliser ses connaissances pour comprendre des questions li√©es √† l‚Äôenvironnement et au d√©veloppement durable.'),(218,57,0,'Utiliser, g√©rer des espaces de stockage √† disposition.'),(220,57,1,'Utiliser les p√©riph√©riques √† disposition.'),(216,57,2,'Utiliser les logiciels et les services √† disposition.'),(222,58,0,'Conna√Ætre et respecter les r√®gles √©l√©mentaires du droit relatif √† sa pratique.'),(223,58,1,'Prot√©ger sa personne et ses donn√©es.'),(225,58,2,'Faire preuve d‚Äôesprit critique face √† l‚Äôinformation et √† son traitement.'),(228,58,3,'Participer √† des travaux collaboratifs en connaissant les enjeux et en respectant les r√®gles.'),(229,59,0,'Saisir et mettre en page un texte.'),(235,59,1,'Traiter une image, un son ou une vid√©o.'),(231,59,2,'Organiser la composition du document, pr√©voir sa pr√©sentation en fonction de sa destination.'),(234,59,3,'Diff√©rencier une situation simul√©e ou mod√©lis√©e d‚Äôune situation r√©elle.'),(236,60,0,'Consulter des bases de donn√©es documentaires en mode simple (plein texte).'),(239,60,1,'Identifier, trier et √©valuer des ressources.'),(238,60,2,'Chercher et s√©lectionner l‚Äôinformation demand√©e.'),(243,61,0,'√âcrire, envoyer, diffuser, publier.'),(242,61,1,'Recevoir un commentaire, un message y compris avec pi√®ces jointes.'),(284,61,2,'Exploiter les sp√©cificit√©s des diff√©rentes situations de communication en temps r√©el ou diff√©r√©.'),(245,62,0,'Relevant de l‚Äôespace : les grands ensembles physiques et humains et les grands types d‚Äôam√©nagements dans le monde, les principales caract√©ristiques g√©ographiques de la France et de l‚ÄôEurope.'),(249,62,1,'Relevant du temps : les diff√©rentes p√©riodes de l‚Äôhistoire de l‚Äôhumanit√© ; les grands traits de l‚Äôhistoire (politique, sociale, √©conomique, litt√©raire, artistique, culturelle) de la France et de l‚ÄôEurope.'),(251,62,2,'Relevant de la culture litt√©raire : ≈ìuvres litt√©raires du patrimoine.'),(252,62,3,'Relevant de la culture artistique : ≈ìuvres picturales, musicales, sc√©niques, architecturales ou cin√©matographiques du patrimoine.'),(285,62,4,'Relevant de la culture civique : droits de l‚ÄôHomme ; formes d‚Äôorganisation politique, √©conomique et sociale dans l‚ÄôUnion europ√©enne ; place et r√¥le de l‚Äô√âtat en France ; mondialisation ; d√©veloppement durable.'),(286,67,0,'Situer des √©v√©nements, des ≈ìuvres litt√©raires ou artistiques, des d√©couvertes scientifiques ou techniques, des ensembles g√©ographiques.'),(256,67,1,'Identifier la diversit√© des civilisations, des langues, des soci√©t√©s, des religions.'),(287,67,2,'√âtablir des liens entre les ≈ìuvres (litt√©raires, artistiques) pour mieux les comprendre.'),(259,67,3,'Mobiliser ses connaissances pour donner du sens √† l‚Äôactualit√©.'),(255,66,0,'Lire et employer diff√©rents langages : textes ‚Äì graphiques ‚Äì cartes ‚Äì images ‚Äì musique.'),(293,66,1,'Conna√Ætre et pratiquer diverses formes d‚Äôexpression √† vis√©e litt√©raire.'),(254,66,2,'Conna√Ætre et pratiquer diverses formes d‚Äôexpression √† vis√©e artistique.'),(288,74,0,'√ätre sensible aux enjeux esth√©tiques et humains d‚Äôun texte litt√©raire.'),(289,74,1,'√ätre sensible aux enjeux esth√©tiques et humains d‚Äôune ≈ìuvre artistique.'),(290,74,2,'√ätre capable de porter un regard critique sur un fait, un document, une ≈ìuvre.'),(291,74,3,'Manifester sa curiosit√© pour l‚Äôactualit√© et pour les activit√©s culturelles ou artistiques.'),(260,68,0,'Principaux droits de l‚ÄôHomme et du citoyen.'),(261,68,1,'Valeurs, symboles, institutions de la R√©publique.'),(262,68,2,'R√®gles fondamentales de la d√©mocratie et de la justice.'),(263,68,3,'Grandes institutions de l‚ÄôUnion europ√©enne et r√¥le des grands organismes internationaux.'),(264,68,4,'R√¥le de la d√©fense nationale.'),(265,68,5,'Fonctionnement et r√¥le de diff√©rents m√©dias.'),(266,69,0,'Respecter les r√®gles de la vie collective.'),(267,69,1,'Comprendre l‚Äôimportance du respect mutuel et accepter toutes les diff√©rences.'),(268,69,2,'Conna√Ætre des comportements favorables √† sa sant√© et sa s√©curit√©.'),(269,69,3,'Conna√Ætre quelques notions juridiques de base.'),(270,69,4,'Savoir utiliser quelques notions √©conomiques et budg√©taires de base.'),(272,70,0,'Se familiariser avec l‚Äôenvironnement √©conomique, les entreprises, les m√©tiers de secteurs et de niveaux de qualification vari√©s.'),(273,70,1,'Conna√Ætre les parcours de formation correspondant √† ces m√©tiers et les possibilit√©s de s‚Äôy int√©grer.'),(292,70,2,'Savoir s‚Äôauto√©valuer et √™tre capable de d√©crire ses int√©r√™ts, ses comp√©tences et ses acquis.'),(274,71,0,'√ätre autonome dans son travail : savoir l‚Äôorganiser, le planifier, l‚Äôanticiper, rechercher et s√©lectionner des informations utiles.'),(275,71,1,'Identifier ses points forts et ses points faibles dans des situations vari√©es.'),(277,71,2,'Mobiliser √† bon escient ses capacit√©s motrices dans le cadre d‚Äôune pratique physique (sportive ou artistique) adapt√©e √† son potentiel.'),(276,71,3,'Savoir nager.'),(278,72,0,'S‚Äôengager dans un projet individuel.'),(279,72,1,'S‚Äôint√©grer et coop√©rer dans un projet collectif.'),(280,72,2,'Manifester curiosit√©, cr√©ativit√©, motivation √† travers des activit√©s conduites ou reconnues par l‚Äô√©tablissement.'),(281,72,3,'Assumer des r√¥les, prendre des initiatives et des d√©cisions.');
/*!40000 ALTER TABLE `sacoche_socle_entree` ENABLE KEYS */;
UNLOCK TABLES;

--
-- Table structure for table `sacoche_socle_palier`
--

DROP TABLE IF EXISTS `sacoche_socle_palier`;
CREATE TABLE `sacoche_socle_palier` (
  `palier_id` tinyint(3) unsigned NOT NULL auto_increment,
  `palier_ordre` tinyint(3) unsigned NOT NULL,
  `palier_nom` varchar(30) collate utf8_unicode_ci NOT NULL,
  PRIMARY KEY  (`palier_id`)
) ENGINE=MyISAM AUTO_INCREMENT=4 DEFAULT CHARSET=utf8 COLLATE=utf8_unicode_ci;

--
-- Dumping data for table `sacoche_socle_palier`
--

LOCK TABLES `sacoche_socle_palier` WRITE;
/*!40000 ALTER TABLE `sacoche_socle_palier` DISABLE KEYS */;
INSERT INTO `sacoche_socle_palier` VALUES (1,1,'Palier 1 (fin CE1)'),(2,2,'Palier 2 (fin CM2)'),(3,3,'Palier 3 (fin troisi√®me)');
/*!40000 ALTER TABLE `sacoche_socle_palier` ENABLE KEYS */;
UNLOCK TABLES;

--
-- Table structure for table `sacoche_socle_pilier`
--

DROP TABLE IF EXISTS `sacoche_socle_pilier`;
CREATE TABLE `sacoche_socle_pilier` (
  `pilier_id` smallint(5) unsigned NOT NULL auto_increment,
  `palier_id` tinyint(3) unsigned NOT NULL,
  `pilier_ordre` tinyint(3) unsigned NOT NULL COMMENT 'Commence √† 1.',
  `pilier_ref` varchar(2) collate utf8_unicode_ci NOT NULL,
  `pilier_nom` varchar(128) collate utf8_unicode_ci NOT NULL,
  PRIMARY KEY  (`pilier_id`),
  KEY `palier_id` (`palier_id`)
) ENGINE=MyISAM AUTO_INCREMENT=19 DEFAULT CHARSET=utf8 COLLATE=utf8_unicode_ci;

--
-- Dumping data for table `sacoche_socle_pilier`
--

LOCK TABLES `sacoche_socle_pilier` WRITE;
/*!40000 ALTER TABLE `sacoche_socle_pilier` DISABLE KEYS */;
INSERT INTO `sacoche_socle_pilier` VALUES (1,1,1,'1','Comp√©tence 1 ‚Äì La ma√Ætrise de la langue fran√ßaise'),(2,1,2,'3','Comp√©tence 3 ‚Äì Les principaux √©l√©ments de math√©matiques'),(3,1,3,'6','Comp√©tence 6 ‚Äì Les comp√©tences sociales et civiques'),(4,2,1,'1','Comp√©tence 1 ‚Äì La ma√Ætrise de la langue fran√ßaise'),(5,2,2,'2','Comp√©tence 2 ‚Äì La pratique d‚Äôune langue vivante √©trang√®re (niveau A1)'),(6,2,3,'3a','Comp√©tence 3a ‚Äì Les principaux √©l√©ments de math√©matiques'),(7,2,4,'3b','Comp√©tence 3b ‚Äì La culture scientifique et technologique'),(8,2,5,'4','Comp√©tence 4 ‚Äì La ma√Ætrise des techniques usuelles de l‚Äôinformation et de la communication (B2i niveau √©cole)'),(9,2,6,'5','Comp√©tence 5 ‚Äì La culture humaniste'),(10,2,7,'6','Comp√©tence 6 ‚Äì Les comp√©tences sociales et civiques'),(11,2,8,'7','Comp√©tence 7 ‚Äì L‚Äôautonomie et l‚Äôinitiative'),(12,3,1,'1','Comp√©tence 1 ‚Äì La ma√Ætrise de la langue fran√ßaise'),(13,3,2,'2','Comp√©tence 2 ‚Äì La pratique d‚Äôune langue vivante √©trang√®re (niveau A2)'),(14,3,3,'3','Comp√©tence 3 ‚Äì Les principaux √©l√©ments de math√©matiques et la culture scientifique et technologique'),(15,3,4,'4','Comp√©tence 4 ‚Äì La ma√Ætrise des techniques usuelles de l‚Äôinformation et de la communication (B2i)'),(16,3,5,'5','Comp√©tence 5 ‚Äì La culture humaniste'),(17,3,6,'6','Comp√©tence 6 ‚Äì Les comp√©tences sociales et civiques'),(18,3,7,'7','Comp√©tence 7 ‚Äì L‚Äôautonomie et l‚Äôinitiative');
/*!40000 ALTER TABLE `sacoche_socle_pilier` ENABLE KEYS */;
UNLOCK TABLES;

--
-- Table structure for table `sacoche_socle_section`
--

DROP TABLE IF EXISTS `sacoche_socle_section`;
CREATE TABLE `sacoche_socle_section` (
  `section_id` smallint(5) unsigned NOT NULL auto_increment,
  `pilier_id` tinyint(3) unsigned NOT NULL,
  `section_ordre` tinyint(3) unsigned NOT NULL COMMENT 'Commence √† 1.',
  `section_nom` varchar(128) collate utf8_unicode_ci NOT NULL,
  PRIMARY KEY  (`section_id`),
  KEY `pilier_id` (`pilier_id`)
) ENGINE=MyISAM AUTO_INCREMENT=75 DEFAULT CHARSET=utf8 COLLATE=utf8_unicode_ci;

--
-- Dumping data for table `sacoche_socle_section`
--

LOCK TABLES `sacoche_socle_section` WRITE;
/*!40000 ALTER TABLE `sacoche_socle_section` DISABLE KEYS */;
INSERT INTO `sacoche_socle_section` VALUES (1,1,1,'Dire'),(2,1,2,'Lire'),(3,1,3,'√âcrire'),(4,1,4,'√âtude de la langue - vocabulaire'),(5,1,5,'√âtude de la langue - grammaire'),(6,1,6,'√âtude de la langue - orthographe'),(7,2,1,'Nombres et calcul'),(8,2,2,'G√©om√©trie'),(9,2,3,'Grandeurs et mesures'),(10,2,4,'Organisation et gestion de donn√©es'),(11,3,1,'Conna√Ætre les principes et fondements de la vie civique et sociale'),(12,3,2,'Avoir un comportement responsable'),(13,4,1,'Dire'),(14,4,2,'Lire'),(15,4,3,'√âcrire'),(16,4,4,'√âtude de la langue - vocabulaire'),(17,4,5,'√âtude de la langue - grammaire'),(18,4,6,'√âtude de la langue - orthographe'),(19,5,1,'R√©agir et dialoguer'),(20,5,2,'Comprendre √† l‚Äôoral'),(21,5,3,'Parler en continu'),(22,5,4,'Lire'),(23,5,5,'√âcrire'),(24,6,1,'Nombres et calcul'),(25,6,2,'G√©om√©trie'),(26,6,3,'Grandeurs et mesures'),(27,6,4,'Organisation et gestion de donn√©es'),(28,7,1,'Pratiquer une d√©marche scientifique ou technologique'),(29,7,2,'Ma√Ætriser des connaissances dans divers domaines scientifiques et les mobiliser dans des contextes scientifiques diff√©rents et d'),(30,7,3,'Environnement et d√©veloppement durable'),(31,8,1,'S‚Äôapproprier un environnement informatique de travail'),(32,8,2,'Adopter une attitude responsable'),(33,8,3,'Cr√©er, produire, traiter, exploiter des donn√©es'),(34,8,4,'S‚Äôinformer, se documenter'),(35,8,5,'Communiquer, √©changer'),(36,9,1,'Avoir des rep√®res relevant du temps et de l‚Äôespace'),(37,9,2,'Avoir des rep√®res litt√©raires'),(73,9,3,'Lire et pratiquer diff√©rents langages'),(38,9,4,'Pratiquer les arts et avoir des rep√®res en histoire des arts'),(39,10,1,'Conna√Ætre les principes et fondements de la vie civique et sociale'),(40,10,2,'Avoir un comportement responsable'),(41,11,1,'S‚Äôappuyer sur des m√©thodes de travail pour √™tre autonome'),(42,11,2,'Faire preuve d‚Äôinitiative'),(43,11,3,'Avoir une bonne ma√Ætrise de son corps et une pratique physique (sportive ou artistique)'),(44,12,1,'Lire'),(45,12,2,'√âcrire'),(46,12,3,'Dire'),(48,13,1,'R√©agir et dialoguer'),(49,13,2,'√âcouter et comprendre'),(50,13,3,'Parler en continu'),(51,13,4,'Lire'),(52,13,5,'√âcrire'),(53,14,1,'Pratiquer une d√©marche scientifique et technologique, r√©soudre des probl√®mes'),(54,14,2,'Savoir utiliser des connaissances et des comp√©tences math√©matiques'),(55,14,3,'Savoir utiliser des connaissances dans divers domaines scientifiques'),(56,14,4,'Environnement et d√©veloppement durable'),(57,15,1,'S‚Äôapproprier un environnement informatique de travail'),(58,15,2,'Adopter une attitude responsable'),(59,15,3,'Cr√©er, produire, traiter, exploiter des donn√©es'),(60,15,4,'S‚Äôinformer, se documenter'),(61,15,5,'Communiquer, √©changer'),(62,16,1,'Avoir des connaissances et des rep√®res'),(67,16,2,'Situer dans le temps, l‚Äôespace, les civilisations'),(66,16,3,'Lire et pratiquer diff√©rents langages'),(74,16,4,'Faire preuve de sensibilit√©, d‚Äôesprit critique, de curiosit√©'),(68,17,1,'Conna√Ætre les principes et fondements de la vie civique et sociale'),(69,17,2,'Avoir un comportement responsable'),(70,18,1,'√ätre acteur de son parcours de formation et d‚Äôorientation'),(71,18,2,'√ätre capable de mobiliser ses ressources intellectuelles et physiques dans diverses situations'),(72,18,3,'Faire preuve d‚Äôinitiative');
/*!40000 ALTER TABLE `sacoche_socle_section` ENABLE KEYS */;
UNLOCK TABLES;

--
-- Table structure for table `sacoche_user`
--

DROP TABLE IF EXISTS `sacoche_user`;
CREATE TABLE `sacoche_user` (
  `user_id` mediumint(8) unsigned NOT NULL auto_increment,
  `user_num_sconet` mediumint(8) unsigned NOT NULL COMMENT 'ELENOET pour un √©l√®ve (entre 2000 et 5000 ; parfois appel√© n¬∞ GEP avec un 0 devant) ou INDIVIDU_ID pour un prof (d√©passe parfois une capacit√© SMALLINT UNSIGNED)',
  `user_reference` char(11) collate utf8_unicode_ci NOT NULL COMMENT 'Dans Sconet, ID_NATIONAL pour un √©l√®ve (pour un prof ce pourrait √™tre le NUMEN mais il n''est pas renseign√© et il faudrait deux caract√®res de plus). Ce champ sert aussi pour un import tableur.',
  `user_profil` enum('eleve','professeur','directeur','administrateur') collate utf8_unicode_ci NOT NULL,
  `user_nom` varchar(20) collate utf8_unicode_ci NOT NULL,
  `user_prenom` varchar(20) collate utf8_unicode_ci NOT NULL,
  `user_login` varchar(20) collate utf8_unicode_ci NOT NULL,
  `user_password` char(32) collate utf8_unicode_ci NOT NULL,
  `user_statut` tinyint(1) NOT NULL default '1',
  `user_tentative_date` datetime NOT NULL,
  `user_connexion_date` datetime NOT NULL,
  `eleve_classe_id` mediumint(8) unsigned NOT NULL,
  `user_id_ent` varchar(32) collate utf8_unicode_ci NOT NULL COMMENT 'Param√®tre renvoy√© apr√®s une identification CAS depuis un ENT (√ßa peut √™tre le login, mais √ßa peut aussi √™tre un num√©ro interne √† l''ENT...).',
  `user_id_gepi` varchar(32) collate utf8_unicode_ci NOT NULL COMMENT 'Login de l''utilisateur dans Gepi utilis√© pour un transfert note/moyenne vers un bulletin.',
  PRIMARY KEY  (`user_id`),
  UNIQUE KEY `user_login` (`user_login`),
  KEY `user_profil` (`user_profil`),
  KEY `user_statut` (`user_statut`),
  KEY `user_id_ent` (`user_id_ent`)
) ENGINE=MyISAM AUTO_INCREMENT=4 DEFAULT CHARSET=utf8 COLLATE=utf8_unicode_ci;




--
-- Dumping data for table `sacoche_user`
--

LOCK TABLES `sacoche_user` WRITE;
/*!40000 ALTER TABLE `sacoche_user` DISABLE KEYS */;
INSERT INTO `sacoche_user` VALUES (1,0,'','administrateur','A modifier','A modifier','admin','#passadmin#',1,'2010-09-23 01:46:12','2010-09-23 03:51:14',0,'','');
/*!40000 ALTER TABLE `sacoche_user` ENABLE KEYS */;
UNLOCK TABLES;
/*!40103 SET TIME_ZONE=@OLD_TIME_ZONE */;

/*!40101 SET SQL_MODE=@OLD_SQL_MODE */;
/*!40014 SET FOREIGN_KEY_CHECKS=@OLD_FOREIGN_KEY_CHECKS */;
/*!40014 SET UNIQUE_CHECKS=@OLD_UNIQUE_CHECKS */;
/*!40101 SET CHARACTER_SET_CLIENT=@OLD_CHARACTER_SET_CLIENT */;
/*!40101 SET CHARACTER_SET_RESULTS=@OLD_CHARACTER_SET_RESULTS */;
/*!40101 SET COLLATION_CONNECTION=@OLD_COLLATION_CONNECTION */;
/*!40111 SET SQL_NOTES=@OLD_SQL_NOTES */;

GRANT SELECT,UPDATE,DELETE,INSERT,CREATE,DROP ON sacoche_plug.* TO sacoche_user@localhost IDENTIFIED BY '#PASS#';

-- Dump completed on 2010-09-23  4:00:05
